phase,graph,chunk,module_execute_us
prompt,model.0.s32,32,3607672
prompt,model.0.s32,32,25211
prompt,model.0.s32,8,24480
decode,model.0.s1,1,3465597
decode,model.0.s1,1,24746
decode,model.0.s1,1,24063
decode,model.0.s1,1,24174
decode,model.0.s1,1,24093
decode,model.0.s1,1,24040
decode,model.0.s1,1,24099
decode,model.0.s1,1,24035
decode,model.0.s1,1,24054
decode,model.0.s1,1,24064
decode,model.0.s1,1,24039
decode,model.0.s1,1,24156
decode,model.0.s1,1,24051
decode,model.0.s1,1,24068
decode,model.0.s1,1,24091
decode,model.0.s1,1,24066
decode,model.0.s1,1,24581
decode,model.0.s1,1,24193
decode,model.0.s1,1,24116
decode,model.0.s1,1,24157
decode,model.0.s1,1,24123
decode,model.0.s1,1,24110
decode,model.0.s1,1,24162
decode,model.0.s1,1,24125
decode,model.0.s1,1,24112
decode,model.0.s1,1,24032
decode,model.0.s1,1,24100
decode,model.0.s1,1,24076
decode,model.0.s1,1,24125
decode,model.0.s1,1,24071
decode,model.0.s1,1,24081
decode,model.0.s1,1,24203
decode,model.0.s1,1,24140
decode,model.0.s1,1,24165
decode,model.0.s1,1,24107
decode,model.0.s1,1,24099
decode,model.0.s1,1,24198
decode,model.0.s1,1,21999
decode,model.0.s1,1,24018
decode,model.0.s1,1,24124
decode,model.0.s1,1,24136
decode,model.0.s1,1,24119
decode,model.0.s1,1,22601
decode,model.0.s1,1,23300
decode,model.0.s1,1,22226
decode,model.0.s1,1,22203
decode,model.0.s1,1,22315
decode,model.0.s1,1,24025
decode,model.0.s1,1,22152
decode,model.0.s1,1,23102
decode,model.0.s1,1,23139
decode,model.0.s1,1,23059
decode,model.0.s1,1,22210
decode,model.0.s1,1,24079
decode,model.0.s1,1,22166
decode,model.0.s1,1,23414
decode,model.0.s1,1,23224
decode,model.0.s1,1,23076
decode,model.0.s1,1,22351
decode,model.0.s1,1,22893
decode,model.0.s1,1,23416
decode,model.0.s1,1,23518
decode,model.0.s1,1,23502
decode,model.0.s1,1,23452
decode,model.0.s1,1,23340
decode,model.0.s1,1,23495
decode,model.0.s1,1,23585
decode,model.0.s1,1,23462
decode,model.0.s1,1,23595
decode,model.0.s1,1,23709
decode,model.0.s1,1,23243
decode,model.0.s1,1,23123
decode,model.0.s1,1,23254
decode,model.0.s1,1,23431
decode,model.0.s1,1,22919
decode,model.0.s1,1,22824
decode,model.0.s1,1,23269
decode,model.0.s1,1,23248
decode,model.0.s1,1,23359
decode,model.0.s1,1,23484
decode,model.0.s1,1,23405
decode,model.0.s1,1,23408
decode,model.0.s1,1,23330
decode,model.0.s1,1,23278
decode,model.0.s1,1,23453
decode,model.0.s1,1,23321
decode,model.0.s1,1,22253
decode,model.0.s1,1,22794
decode,model.0.s1,1,23556
decode,model.0.s1,1,23626
decode,model.0.s1,1,23540
decode,model.0.s1,1,23377
decode,model.0.s1,1,23572
decode,model.0.s1,1,23591
decode,model.0.s1,1,24158
decode,model.0.s1,1,22735
decode,model.0.s1,1,22878
decode,model.0.s1,1,23485
decode,model.0.s1,1,23493
decode,model.0.s1,1,23476
decode,model.0.s1,1,23379
decode,model.0.s1,1,23501
decode,model.0.s1,1,22889
decode,model.0.s1,1,23437
decode,model.0.s1,1,23612
decode,model.0.s1,1,23467
decode,model.0.s1,1,23404
decode,model.0.s1,1,23435
decode,model.0.s1,1,23455
decode,model.0.s1,1,23446
decode,model.0.s1,1,23342
decode,model.0.s1,1,23377
decode,model.0.s1,1,23412
decode,model.0.s1,1,23440
decode,model.0.s1,1,23414
decode,model.0.s1,1,23412
decode,model.0.s1,1,23401
decode,model.0.s1,1,23609
decode,model.0.s1,1,23612
decode,model.0.s1,1,23485
decode,model.0.s1,1,23502
decode,model.0.s1,1,23508
decode,model.0.s1,1,23506
decode,model.0.s1,1,23371
decode,model.0.s1,1,23610
decode,model.0.s1,1,23548
decode,model.0.s1,1,23680
decode,model.0.s1,1,23631
decode,model.0.s1,1,23515
decode,model.0.s1,1,23662
decode,model.0.s1,1,23422
decode,model.0.s1,1,23493
decode,model.0.s1,1,23542
decode,model.0.s1,1,23466
decode,model.0.s1,1,23160
decode,model.0.s1,1,23586
decode,model.0.s1,1,23635
decode,model.0.s1,1,23478
decode,model.0.s1,1,23488
decode,model.0.s1,1,23549
decode,model.0.s1,1,23450
decode,model.0.s1,1,23600
decode,model.0.s1,1,23705
decode,model.0.s1,1,23472
decode,model.0.s1,1,23594
decode,model.0.s1,1,23477
decode,model.0.s1,1,24136
decode,model.0.s1,1,23493
decode,model.0.s1,1,23395
decode,model.0.s1,1,23456
decode,model.0.s1,1,23514
decode,model.0.s1,1,23514
decode,model.0.s1,1,23451
decode,model.0.s1,1,23627
decode,model.0.s1,1,23608
decode,model.0.s1,1,23549
decode,model.0.s1,1,23462
decode,model.0.s1,1,23540
decode,model.0.s1,1,23404
decode,model.0.s1,1,23612
decode,model.0.s1,1,23578
decode,model.0.s1,1,23449
decode,model.0.s1,1,23570
decode,model.0.s1,1,23453
decode,model.0.s1,1,23393
decode,model.0.s1,1,23485
decode,model.0.s1,1,23468
decode,model.0.s1,1,23569
decode,model.0.s1,1,23577
decode,model.0.s1,1,23694
decode,model.0.s1,1,23400
decode,model.0.s1,1,23906
decode,model.0.s1,1,23663
decode,model.0.s1,1,23503
decode,model.0.s1,1,23520
decode,model.0.s1,1,23366
decode,model.0.s1,1,23666
decode,model.0.s1,1,23538
decode,model.0.s1,1,23464
decode,model.0.s1,1,23438
decode,model.0.s1,1,23390
decode,model.0.s1,1,23374
decode,model.0.s1,1,23038
decode,model.0.s1,1,22916
decode,model.0.s1,1,23343
decode,model.0.s1,1,23397
decode,model.0.s1,1,23404
decode,model.0.s1,1,23491
decode,model.0.s1,1,23164
decode,model.0.s1,1,23584
decode,model.0.s1,1,23474
decode,model.0.s1,1,23479
decode,model.0.s1,1,23491
decode,model.0.s1,1,23055
decode,model.0.s1,1,23040
decode,model.0.s1,1,23485
decode,model.0.s1,1,23492
decode,model.0.s1,1,24194
decode,model.0.s1,1,23584
decode,model.0.s1,1,23595
decode,model.0.s1,1,23611
decode,model.0.s1,1,23520
decode,model.0.s1,1,23600
decode,model.0.s1,1,23462
decode,model.0.s1,1,23686
decode,model.0.s1,1,23288
decode,model.0.s1,1,23096
decode,model.0.s1,1,23607
decode,model.0.s1,1,23708
decode,model.0.s1,1,23749
decode,model.0.s1,1,23494
decode,model.0.s1,1,23422
decode,model.0.s1,1,23122
decode,model.0.s1,1,23432
decode,model.0.s1,1,23576
decode,model.0.s1,1,23605
decode,model.0.s1,1,23548
decode,model.0.s1,1,23464
decode,model.0.s1,1,23517
decode,model.0.s1,1,23506
decode,model.0.s1,1,23205
decode,model.0.s1,1,23773
decode,model.0.s1,1,23499
decode,model.0.s1,1,24114
decode,model.0.s1,1,23737
decode,model.0.s1,1,23540
decode,model.0.s1,1,22947
decode,model.0.s1,1,23438
decode,model.0.s1,1,23561
decode,model.0.s1,1,23532
decode,model.0.s1,1,23160
decode,model.0.s1,1,23211
decode,model.0.s1,1,23289
decode,model.0.s1,1,23457
decode,model.0.s1,1,23497
decode,model.0.s1,1,23508
decode,model.0.s1,1,23340
decode,model.0.s1,1,22920
decode,model.0.s1,1,23525
decode,model.0.s1,1,23487
decode,model.0.s1,1,23512
decode,model.0.s1,1,23507
decode,model.0.s1,1,23450
decode,model.0.s1,1,23685
decode,model.0.s1,1,23662
decode,model.0.s1,1,23736
decode,model.0.s1,1,23621
decode,model.0.s1,1,23598
decode,model.0.s1,1,23905
decode,model.0.s1,1,23720
decode,model.0.s1,1,23729
decode,model.0.s1,1,23751
decode,model.0.s1,1,23424
decode,model.0.s1,1,23607
decode,model.0.s1,1,23577
decode,model.0.s1,1,23352
decode,model.0.s1,1,23540
decode,model.0.s1,1,23527
decode,model.0.s1,1,23555
decode,model.0.s1,1,23581
decode,model.0.s1,1,23419
decode,model.0.s1,1,22952
decode,model.0.s1,1,23166
decode,model.0.s1,1,23440
decode,model.0.s1,1,23647
decode,model.0.s1,1,23644
decode,model.0.s1,1,23608
decode,model.0.s1,1,23872
decode,model.0.s1,1,23395
decode,model.0.s1,1,23618
decode,model.0.s1,1,23454
decode,model.0.s1,1,23504
decode,model.0.s1,1,23290
decode,model.0.s1,1,23586
decode,model.0.s1,1,24110
decode,model.0.s1,1,23655
decode,model.0.s1,1,23685
decode,model.0.s1,1,23495
decode,model.0.s1,1,23542
decode,model.0.s1,1,23524
decode,model.0.s1,1,23486
decode,model.0.s1,1,23591
decode,model.0.s1,1,23504
decode,model.0.s1,1,23895
decode,model.0.s1,1,23525
decode,model.0.s1,1,23639
decode,model.0.s1,1,23531
decode,model.0.s1,1,23741
decode,model.0.s1,1,23442
decode,model.0.s1,1,23767
decode,model.0.s1,1,23688
decode,model.0.s1,1,23246
decode,model.0.s1,1,23327
decode,model.0.s1,1,23252
decode,model.0.s1,1,23686
decode,model.0.s1,1,23696
decode,model.0.s1,1,23548
decode,model.0.s1,1,23407
decode,model.0.s1,1,23072
decode,model.0.s1,1,23731
decode,model.0.s1,1,24057
decode,model.0.s1,1,23457
decode,model.0.s1,1,23553
decode,model.0.s1,1,23687
decode,model.0.s1,1,23447
decode,model.0.s1,1,23496
decode,model.0.s1,1,23811
decode,model.0.s1,1,23708
decode,model.0.s1,1,23551
decode,model.0.s1,1,23527
decode,model.0.s1,1,23659
decode,model.0.s1,1,23538
decode,model.0.s1,1,23569
decode,model.0.s1,1,23608
decode,model.0.s1,1,23515
decode,model.0.s1,1,23667
decode,model.0.s1,1,23757
decode,model.0.s1,1,23573
decode,model.0.s1,1,23655
decode,model.0.s1,1,23699
decode,model.0.s1,1,23579
decode,model.0.s1,1,23493
decode,model.0.s1,1,23218
decode,model.0.s1,1,23106
decode,model.0.s1,1,23530
decode,model.0.s1,1,24187
decode,model.0.s1,1,23777
decode,model.0.s1,1,23605
decode,model.0.s1,1,23582
decode,model.0.s1,1,23541
decode,model.0.s1,1,23076
decode,model.0.s1,1,23660
decode,model.0.s1,1,23625
decode,model.0.s1,1,23744
decode,model.0.s1,1,23545
decode,model.0.s1,1,23502
decode,model.0.s1,1,23541
decode,model.0.s1,1,22969
decode,model.0.s1,1,22764
decode,model.0.s1,1,23211
decode,model.0.s1,1,23575
decode,model.0.s1,1,23677
decode,model.0.s1,1,23744
decode,model.0.s1,1,23459
decode,model.0.s1,1,23571
decode,model.0.s1,1,23581
decode,model.0.s1,1,23736
decode,model.0.s1,1,23802
decode,model.0.s1,1,23530
decode,model.0.s1,1,23587
decode,model.0.s1,1,23523
decode,model.0.s1,1,23993
decode,model.0.s1,1,23507
decode,model.0.s1,1,23722
decode,model.0.s1,1,23559
decode,model.0.s1,1,23532
decode,model.0.s1,1,23580
decode,model.0.s1,1,23739
decode,model.0.s1,1,23737
decode,model.0.s1,1,23577
decode,model.0.s1,1,23615
decode,model.0.s1,1,23921
decode,model.0.s1,1,22803
decode,model.0.s1,1,22923
decode,model.0.s1,1,23220
decode,model.0.s1,1,23570
decode,model.0.s1,1,23676
decode,model.0.s1,1,23719
decode,model.0.s1,1,23666
decode,model.0.s1,1,23675
decode,model.0.s1,1,23727
decode,model.0.s1,1,23644
decode,model.0.s1,1,23643
decode,model.0.s1,1,23493
decode,model.0.s1,1,23545
decode,model.0.s1,1,23684
decode,model.0.s1,1,24105
decode,model.0.s1,1,23614
decode,model.0.s1,1,23678
decode,model.0.s1,1,23600
decode,model.0.s1,1,23715
decode,model.0.s1,1,23716
decode,model.0.s1,1,23518
decode,model.0.s1,1,23523
decode,model.0.s1,1,23255
decode,model.0.s1,1,23555
decode,model.0.s1,1,23615
decode,model.0.s1,1,23835
decode,model.0.s1,1,23499
decode,model.0.s1,1,23683
decode,model.0.s1,1,23728
decode,model.0.s1,1,23750
decode,model.0.s1,1,23670
decode,model.0.s1,1,23670
decode,model.0.s1,1,23568
decode,model.0.s1,1,23771
decode,model.0.s1,1,23927
decode,model.0.s1,1,23690
decode,model.0.s1,1,23582
decode,model.0.s1,1,23030
decode,model.0.s1,1,23588
decode,model.0.s1,1,23559
decode,model.0.s1,1,24191
decode,model.0.s1,1,23511
decode,model.0.s1,1,23575
decode,model.0.s1,1,23650
decode,model.0.s1,1,23630
decode,model.0.s1,1,23713
decode,model.0.s1,1,23806
decode,model.0.s1,1,23790
decode,model.0.s1,1,23650
decode,model.0.s1,1,23728
decode,model.0.s1,1,23484
decode,model.0.s1,1,23479
decode,model.0.s1,1,23588
decode,model.0.s1,1,23007
decode,model.0.s1,1,23649
decode,model.0.s1,1,23765
decode,model.0.s1,1,23602
decode,model.0.s1,1,23710
decode,model.0.s1,1,23660
decode,model.0.s1,1,23536
decode,model.0.s1,1,23084
decode,model.0.s1,1,23505
decode,model.0.s1,1,23872
decode,model.0.s1,1,23466
decode,model.0.s1,1,23737
decode,model.0.s1,1,24095
decode,model.0.s1,1,23997
decode,model.0.s1,1,23580
decode,model.0.s1,1,23651
decode,model.0.s1,1,23668
decode,model.0.s1,1,23640
decode,model.0.s1,1,23730
decode,model.0.s1,1,23798
decode,model.0.s1,1,24067
decode,model.0.s1,1,23715
decode,model.0.s1,1,23622
decode,model.0.s1,1,23404
decode,model.0.s1,1,23677
decode,model.0.s1,1,23617
decode,model.0.s1,1,23577
decode,model.0.s1,1,23356
decode,model.0.s1,1,23813
decode,model.0.s1,1,23696
decode,model.0.s1,1,23820
decode,model.0.s1,1,23616
decode,model.0.s1,1,23727
decode,model.0.s1,1,23823
decode,model.0.s1,1,23876
decode,model.0.s1,1,23878
decode,model.0.s1,1,23689
decode,model.0.s1,1,23681
decode,model.0.s1,1,24259
decode,model.0.s1,1,23490
decode,model.0.s1,1,23189
decode,model.0.s1,1,23066
decode,model.0.s1,1,23148
decode,model.0.s1,1,23238
decode,model.0.s1,1,24054
decode,model.0.s1,1,23825
decode,model.0.s1,1,23545
decode,model.0.s1,1,23797
decode,model.0.s1,1,23644
decode,model.0.s1,1,23785
decode,model.0.s1,1,23709
decode,model.0.s1,1,23695
decode,model.0.s1,1,23808
decode,model.0.s1,1,23685
decode,model.0.s1,1,23630
decode,model.0.s1,1,23171
decode,model.0.s1,1,23780
decode,model.0.s1,1,23775
decode,model.0.s1,1,23707
decode,model.0.s1,1,23801
decode,model.0.s1,1,23772
decode,model.0.s1,1,23856
decode,model.0.s1,1,23899
decode,model.0.s1,1,24259
decode,model.0.s1,1,23722
decode,model.0.s1,1,23740
decode,model.0.s1,1,23590
decode,model.0.s1,1,23646
decode,model.0.s1,1,23738
decode,model.0.s1,1,23490
decode,model.0.s1,1,23045
decode,model.0.s1,1,23692
decode,model.0.s1,1,23741
decode,model.0.s1,1,23849
decode,model.0.s1,1,23611
decode,model.0.s1,1,23633
decode,model.0.s1,1,23701
decode,model.0.s1,1,23872
decode,model.0.s1,1,23679
decode,model.0.s1,1,24397
decode,model.0.s1,1,23751
decode,model.0.s1,1,23603
decode,model.0.s1,1,22858
decode,model.0.s1,1,22931
decode,model.0.s1,1,22763
decode,model.0.s1,1,22663
decode,model.0.s1,1,22754
decode,model.0.s1,1,22907
decode,model.0.s1,1,22834
decode,model.0.s1,1,23350
decode,model.0.s1,1,23094
decode,model.0.s1,1,23118
decode,model.0.s1,1,23905
decode,model.0.s1,1,23548
decode,model.0.s1,1,23294
decode,model.0.s1,1,23165
decode,model.0.s1,1,23143
decode,model.0.s1,1,24291
decode,model.0.s1,1,23172
decode,model.0.s1,1,22929
decode,model.0.s1,1,23732
decode,model.0.s1,1,23854
decode,model.0.s1,1,23882
decode,model.0.s1,1,23666
decode,model.0.s1,1,23832
decode,model.0.s1,1,23550
decode,model.0.s1,1,23623
decode,model.0.s1,1,23917
decode,model.0.s1,1,22942
decode,model.0.s1,1,23402
decode,model.0.s1,1,23906
decode,model.0.s1,1,23687
decode,model.0.s1,1,23247
decode,model.0.s1,1,23246
decode,model.0.s1,1,24006
decode,model.0.s1,1,23770
decode,model.0.s1,1,23103
decode,model.0.s1,1,23824
decode,model.0.s1,1,23769
decode,model.0.s1,1,23229
decode,model.0.s1,1,23745
decode,model.0.s1,1,23766
decode,model.0.s1,1,23765
decode,model.0.s1,1,23675
decode,model.0.s1,1,23632
decode,model.0.s1,1,23847
decode,model.0.s1,1,23673
decode,model.0.s1,1,23757
decode,model.0.s1,1,23817
decode,model.0.s1,1,23755
decode,model.0.s1,1,23676
decode,model.0.s1,1,23808
decode,model.0.s1,1,23643
decode,model.0.s1,1,23701
decode,model.0.s1,1,23980
decode,model.0.s1,1,23652
decode,model.0.s1,1,23634
decode,model.0.s1,1,23843
decode,model.0.s1,1,23758
decode,model.0.s1,1,23863
decode,model.0.s1,1,24095
decode,model.0.s1,1,24068
decode,model.0.s1,1,23659
decode,model.0.s1,1,23911
decode,model.0.s1,1,23918
decode,model.0.s1,1,23676
decode,model.0.s1,1,23734
decode,model.0.s1,1,23587
decode,model.0.s1,1,23690
decode,model.0.s1,1,23669
decode,model.0.s1,1,23687
decode,model.0.s1,1,23669
decode,model.0.s1,1,23649
decode,model.0.s1,1,23872
decode,model.0.s1,1,23669
decode,model.0.s1,1,23744
decode,model.0.s1,1,23709
decode,model.0.s1,1,23900
decode,model.0.s1,1,23683
decode,model.0.s1,1,23653
decode,model.0.s1,1,23554
decode,model.0.s1,1,23684
decode,model.0.s1,1,23868
decode,model.0.s1,1,23780
decode,model.0.s1,1,23722
decode,model.0.s1,1,23698
decode,model.0.s1,1,24271
decode,model.0.s1,1,23585
decode,model.0.s1,1,23618
decode,model.0.s1,1,23934
decode,model.0.s1,1,23700
decode,model.0.s1,1,23729
decode,model.0.s1,1,23991
decode,model.0.s1,1,23806
decode,model.0.s1,1,23739
decode,model.0.s1,1,23764
decode,model.0.s1,1,23722
decode,model.0.s1,1,23703
decode,model.0.s1,1,23690
decode,model.0.s1,1,23772
decode,model.0.s1,1,23848
decode,model.0.s1,1,23733
decode,model.0.s1,1,23744
decode,model.0.s1,1,23743
decode,model.0.s1,1,23837
decode,model.0.s1,1,23694
decode,model.0.s1,1,23638
decode,model.0.s1,1,23839
decode,model.0.s1,1,23808
decode,model.0.s1,1,23826
decode,model.0.s1,1,23875
decode,model.0.s1,1,24341
decode,model.0.s1,1,23815
decode,model.0.s1,1,23900
decode,model.0.s1,1,23879
decode,model.0.s1,1,23712
decode,model.0.s1,1,23777
decode,model.0.s1,1,23534
decode,model.0.s1,1,23616
decode,model.0.s1,1,23655
decode,model.0.s1,1,23721
decode,model.0.s1,1,23984
decode,model.0.s1,1,23826
decode,model.0.s1,1,23799
decode,model.0.s1,1,23744
decode,model.0.s1,1,23680
decode,model.0.s1,1,23728
decode,model.0.s1,1,23633
decode,model.0.s1,1,23579
decode,model.0.s1,1,23165
decode,model.0.s1,1,23402
decode,model.0.s1,1,23726
decode,model.0.s1,1,23668
decode,model.0.s1,1,23123
decode,model.0.s1,1,23806
decode,model.0.s1,1,23238
decode,model.0.s1,1,23780
decode,model.0.s1,1,24188
decode,model.0.s1,1,23813
decode,model.0.s1,1,23753
decode,model.0.s1,1,23894
decode,model.0.s1,1,23812
decode,model.0.s1,1,23762
decode,model.0.s1,1,23830
decode,model.0.s1,1,23828
decode,model.0.s1,1,23695
decode,model.0.s1,1,23423
decode,model.0.s1,1,23667
decode,model.0.s1,1,23768
decode,model.0.s1,1,23850
decode,model.0.s1,1,23682
decode,model.0.s1,1,23608
decode,model.0.s1,1,23870
decode,model.0.s1,1,23901
decode,model.0.s1,1,23619
decode,model.0.s1,1,23880
decode,model.0.s1,1,23793
decode,model.0.s1,1,23646
decode,model.0.s1,1,23824
decode,model.0.s1,1,23784
decode,model.0.s1,1,23709
decode,model.0.s1,1,23879
decode,model.0.s1,1,24486
decode,model.0.s1,1,23910
decode,model.0.s1,1,23718
decode,model.0.s1,1,23851
decode,model.0.s1,1,23666
decode,model.0.s1,1,23623
decode,model.0.s1,1,23738
decode,model.0.s1,1,23414
decode,model.0.s1,1,23701
decode,model.0.s1,1,23828
decode,model.0.s1,1,23758
decode,model.0.s1,1,23683
decode,model.0.s1,1,23683
decode,model.0.s1,1,23889
decode,model.0.s1,1,23657
decode,model.0.s1,1,23712
decode,model.0.s1,1,23718
decode,model.0.s1,1,23785
decode,model.0.s1,1,23853
decode,model.0.s1,1,23674
decode,model.0.s1,1,23612
decode,model.0.s1,1,23258
decode,model.0.s1,1,24027
decode,model.0.s1,1,23770
decode,model.0.s1,1,23736
decode,model.0.s1,1,24173
decode,model.0.s1,1,23957
decode,model.0.s1,1,23839
decode,model.0.s1,1,23693
decode,model.0.s1,1,23853
decode,model.0.s1,1,23784
decode,model.0.s1,1,23096
decode,model.0.s1,1,22653
decode,model.0.s1,1,23291
decode,model.0.s1,1,23823
decode,model.0.s1,1,23659
decode,model.0.s1,1,23578
decode,model.0.s1,1,22837
decode,model.0.s1,1,23015
decode,model.0.s1,1,23551
decode,model.0.s1,1,23714
decode,model.0.s1,1,23356
decode,model.0.s1,1,23721
decode,model.0.s1,1,22951
decode,model.0.s1,1,22670
decode,model.0.s1,1,23495
decode,model.0.s1,1,23588
decode,model.0.s1,1,23578
decode,model.0.s1,1,23612
decode,model.0.s1,1,23642
decode,model.0.s1,1,23600
decode,model.0.s1,1,24245
decode,model.0.s1,1,23556
decode,model.0.s1,1,23506
decode,model.0.s1,1,23659
decode,model.0.s1,1,23683
decode,model.0.s1,1,23115
decode,model.0.s1,1,23105
decode,model.0.s1,1,23676
decode,model.0.s1,1,23738
decode,model.0.s1,1,23583
decode,model.0.s1,1,23524
decode,model.0.s1,1,23561
decode,model.0.s1,1,23648
decode,model.0.s1,1,23599
decode,model.0.s1,1,23605
decode,model.0.s1,1,23650
decode,model.0.s1,1,23627
decode,model.0.s1,1,23482
decode,model.0.s1,1,23494
decode,model.0.s1,1,23570
decode,model.0.s1,1,23689
decode,model.0.s1,1,23601
decode,model.0.s1,1,23586
decode,model.0.s1,1,23613
decode,model.0.s1,1,23631
decode,model.0.s1,1,23655
decode,model.0.s1,1,23999
decode,model.0.s1,1,23611
decode,model.0.s1,1,23609
decode,model.0.s1,1,23609
decode,model.0.s1,1,23567
decode,model.0.s1,1,23690
decode,model.0.s1,1,23625
decode,model.0.s1,1,23568
decode,model.0.s1,1,23705
decode,model.0.s1,1,23687
decode,model.0.s1,1,23635
decode,model.0.s1,1,23619
decode,model.0.s1,1,23838
decode,model.0.s1,1,23669
decode,model.0.s1,1,23672
decode,model.0.s1,1,23783
decode,model.0.s1,1,23618
decode,model.0.s1,1,23681
decode,model.0.s1,1,23725
decode,model.0.s1,1,23810
decode,model.0.s1,1,23590
decode,model.0.s1,1,23614
decode,model.0.s1,1,23868
decode,model.0.s1,1,23935
decode,model.0.s1,1,23832
decode,model.0.s1,1,24312
decode,model.0.s1,1,23731
decode,model.0.s1,1,23759
decode,model.0.s1,1,23685
decode,model.0.s1,1,23885
decode,model.0.s1,1,23786
decode,model.0.s1,1,23863
decode,model.0.s1,1,23628
decode,model.0.s1,1,23657
decode,model.0.s1,1,23871
decode,model.0.s1,1,23700
decode,model.0.s1,1,24114
decode,model.0.s1,1,23977
decode,model.0.s1,1,23788
decode,model.0.s1,1,23559
decode,model.0.s1,1,23801
decode,model.0.s1,1,23887
decode,model.0.s1,1,23794
decode,model.0.s1,1,23868
decode,model.0.s1,1,23727
decode,model.0.s1,1,23647
decode,model.0.s1,1,23899
decode,model.0.s1,1,23899
decode,model.0.s1,1,23719
decode,model.0.s1,1,23878
decode,model.0.s1,1,23938
decode,model.0.s1,1,23933
decode,model.0.s1,1,23732
decode,model.0.s1,1,23125
decode,model.0.s1,1,23708
decode,model.0.s1,1,23716
decode,model.0.s1,1,23733
decode,model.0.s1,1,23754
decode,model.0.s1,1,23754
decode,model.0.s1,1,23801
decode,model.0.s1,1,23562
decode,model.0.s1,1,23268
decode,model.0.s1,1,23851
decode,model.0.s1,1,23699
decode,model.0.s1,1,23717
decode,model.0.s1,1,23688
decode,model.0.s1,1,23745
decode,model.0.s1,1,23946
decode,model.0.s1,1,23888
decode,model.0.s1,1,23992
decode,model.0.s1,1,23889
decode,model.0.s1,1,23686
decode,model.0.s1,1,23598
decode,model.0.s1,1,23243
decode,model.0.s1,1,23621
decode,model.0.s1,1,23311
decode,model.0.s1,1,24399
decode,model.0.s1,1,23785
decode,model.0.s1,1,23769
decode,model.0.s1,1,23770
decode,model.0.s1,1,23684
decode,model.0.s1,1,23725
decode,model.0.s1,1,23744
decode,model.0.s1,1,23974
decode,model.0.s1,1,24009
decode,model.0.s1,1,23647
decode,model.0.s1,1,23643
decode,model.0.s1,1,23992
decode,model.0.s1,1,23953
decode,model.0.s1,1,23939
decode,model.0.s1,1,23868
decode,model.0.s1,1,23874
decode,model.0.s1,1,23893
decode,model.0.s1,1,23773
decode,model.0.s1,1,23731
decode,model.0.s1,1,23717
decode,model.0.s1,1,23774
decode,model.0.s1,1,23767
decode,model.0.s1,1,23901
decode,model.0.s1,1,23753
decode,model.0.s1,1,23779
decode,model.0.s1,1,24388
decode,model.0.s1,1,23631
decode,model.0.s1,1,23888
decode,model.0.s1,1,23880
decode,model.0.s1,1,23684
decode,model.0.s1,1,23825
decode,model.0.s1,1,23640
decode,model.0.s1,1,23587
decode,model.0.s1,1,23728
decode,model.0.s1,1,23824
decode,model.0.s1,1,23644
decode,model.0.s1,1,23735
decode,model.0.s1,1,23686
decode,model.0.s1,1,23839
decode,model.0.s1,1,23732
decode,model.0.s1,1,23769
decode,model.0.s1,1,23705
decode,model.0.s1,1,23751
decode,model.0.s1,1,23916
decode,model.0.s1,1,23799
decode,model.0.s1,1,23729
decode,model.0.s1,1,23788
decode,model.0.s1,1,24004
decode,model.0.s1,1,23906
decode,model.0.s1,1,23789
decode,model.0.s1,1,24141
decode,model.0.s1,1,23873
decode,model.0.s1,1,23670
decode,model.0.s1,1,23337
decode,model.0.s1,1,23763
decode,model.0.s1,1,23774
decode,model.0.s1,1,23761
decode,model.0.s1,1,23548
decode,model.0.s1,1,23681
decode,model.0.s1,1,23581
decode,model.0.s1,1,23769
decode,model.0.s1,1,23764
decode,model.0.s1,1,23771
decode,model.0.s1,1,23762
decode,model.0.s1,1,23481
decode,model.0.s1,1,23760
decode,model.0.s1,1,23852
decode,model.0.s1,1,23795
decode,model.0.s1,1,23243
decode,model.0.s1,1,23848
decode,model.0.s1,1,23700
decode,model.0.s1,1,23852
decode,model.0.s1,1,23835
decode,model.0.s1,1,23935
decode,model.0.s1,1,23815
decode,model.0.s1,1,23539
decode,model.0.s1,1,23875
decode,model.0.s1,1,23884
decode,model.0.s1,1,23845
decode,model.0.s1,1,23911
decode,model.0.s1,1,23741
decode,model.0.s1,1,23737
decode,model.0.s1,1,23659
decode,model.0.s1,1,23671
decode,model.0.s1,1,23931
decode,model.0.s1,1,23857
decode,model.0.s1,1,23829
decode,model.0.s1,1,23757
decode,model.0.s1,1,23644
decode,model.0.s1,1,23770
decode,model.0.s1,1,23729
decode,model.0.s1,1,24726
decode,model.0.s1,1,23709
decode,model.0.s1,1,22729
decode,model.0.s1,1,23474
decode,model.0.s1,1,23552
decode,model.0.s1,1,23904
decode,model.0.s1,1,23899
decode,model.0.s1,1,23698
decode,model.0.s1,1,23691
decode,model.0.s1,1,23915
decode,model.0.s1,1,24147
decode,model.0.s1,1,23776
decode,model.0.s1,1,23945
decode,model.0.s1,1,23882
decode,model.0.s1,1,23727
decode,model.0.s1,1,24153
decode,model.0.s1,1,23812
decode,model.0.s1,1,23780
decode,model.0.s1,1,23772
decode,model.0.s1,1,23944
decode,model.0.s1,1,23845
decode,model.0.s1,1,23959
decode,model.0.s1,1,23791
decode,model.0.s1,1,23750
decode,model.0.s1,1,23584
decode,model.0.s1,1,23620
decode,model.0.s1,1,23706
decode,model.0.s1,1,23865
decode,model.0.s1,1,23686
decode,model.0.s1,1,23298
decode,model.0.s1,1,23662
decode,model.0.s1,1,23782
decode,model.0.s1,1,23915
decode,model.0.s1,1,23841
decode,model.0.s1,1,23736
decode,model.0.s1,1,23371
decode,model.0.s1,1,23842
decode,model.0.s1,1,23867
decode,model.0.s1,1,23952
decode,model.0.s1,1,23848
decode,model.0.s1,1,23818
decode,model.0.s1,1,23924
decode,model.0.s1,1,23602
decode,model.0.s1,1,23789
decode,model.0.s1,1,23132
decode,model.0.s1,1,23174
decode,model.0.s1,1,23490
decode,model.0.s1,1,23810
decode,model.0.s1,1,23771
decode,model.0.s1,1,23798
decode,model.0.s1,1,23762
