graph,execution,profiled,captured,graph_execute_us
model.0.s32,1,1,1,2886757
model.0.s32,2,0,0,24624
model.0.s32,3,0,0,23893
model.0.s1,1,1,1,2783739
model.0.s1,2,0,0,24125
model.0.s1,3,0,0,23479
model.0.s1,4,0,0,23590
model.0.s1,5,0,0,23470
model.0.s1,6,0,0,23458
model.0.s1,7,0,0,23444
model.0.s1,8,0,0,23455
model.0.s1,9,0,0,23476
model.0.s1,10,0,0,23486
model.0.s1,11,0,0,23450
model.0.s1,12,0,0,23506
model.0.s1,13,0,0,23477
model.0.s1,14,0,0,23488
model.0.s1,15,0,0,23506
model.0.s1,16,0,0,23486
model.0.s1,17,0,0,23953
model.0.s1,18,0,0,23617
model.0.s1,19,0,0,23537
model.0.s1,20,0,0,23546
model.0.s1,21,0,0,23535
model.0.s1,22,0,0,23508
model.0.s1,23,0,0,23583
model.0.s1,24,0,0,23539
model.0.s1,25,0,0,23526
model.0.s1,26,0,0,23453
model.0.s1,27,0,0,23523
model.0.s1,28,0,0,23498
model.0.s1,29,0,0,23551
model.0.s1,30,0,0,23494
model.0.s1,31,0,0,23503
model.0.s1,32,0,0,23484
model.0.s1,33,0,0,23561
model.0.s1,34,0,0,23588
model.0.s1,35,0,0,23528
model.0.s1,36,0,0,23499
model.0.s1,37,0,0,23623
model.0.s1,38,0,0,21517
model.0.s1,39,0,0,23454
model.0.s1,40,0,0,23547
model.0.s1,41,0,0,23562
model.0.s1,42,0,0,23541
model.0.s1,43,0,0,22000
model.0.s1,44,0,0,21836
model.0.s1,45,0,0,21528
model.0.s1,46,0,0,21518
model.0.s1,47,0,0,21533
model.0.s1,48,0,0,23446
model.0.s1,49,0,0,21612
model.0.s1,50,0,0,21730
model.0.s1,51,0,0,21777
model.0.s1,52,0,0,21736
model.0.s1,53,0,0,21541
model.0.s1,54,0,0,23518
model.0.s1,55,0,0,21626
model.0.s1,56,0,0,21919
model.0.s1,57,0,0,21825
model.0.s1,58,0,0,21737
model.0.s1,59,0,0,21629
model.0.s1,60,0,0,21779
model.0.s1,61,0,0,22005
model.0.s1,62,0,0,22006
model.0.s1,63,0,0,21982
model.0.s1,64,0,0,21993
model.0.s1,65,0,0,21894
model.0.s1,66,0,0,21908
model.0.s1,67,0,0,22046
model.0.s1,68,0,0,22012
model.0.s1,69,0,0,22135
model.0.s1,70,0,0,22218
model.0.s1,71,0,0,21829
model.0.s1,72,0,0,21855
model.0.s1,73,0,0,21840
model.0.s1,74,0,0,22005
model.0.s1,75,0,0,21862
model.0.s1,76,0,0,21785
model.0.s1,77,0,0,21906
model.0.s1,78,0,0,21833
model.0.s1,79,0,0,21884
model.0.s1,80,0,0,22056
model.0.s1,81,0,0,21948
model.0.s1,82,0,0,21984
model.0.s1,83,0,0,21884
model.0.s1,84,0,0,21849
model.0.s1,85,0,0,22012
model.0.s1,86,0,0,21900
model.0.s1,87,0,0,21639
model.0.s1,88,0,0,21919
model.0.s1,89,0,0,22094
model.0.s1,90,0,0,22093
model.0.s1,91,0,0,22007
model.0.s1,92,0,0,21937
model.0.s1,93,0,0,22061
model.0.s1,94,0,0,22084
model.0.s1,95,0,0,22659
model.0.s1,96,0,0,22244
model.0.s1,97,0,0,21867
model.0.s1,98,0,0,22031
model.0.s1,99,0,0,21999
model.0.s1,100,0,0,22012
model.0.s1,101,0,0,21899
model.0.s1,102,0,0,22079
model.0.s1,103,0,0,21809
model.0.s1,104,0,0,22005
model.0.s1,105,0,0,22145
model.0.s1,106,0,0,21912
model.0.s1,107,0,0,21987
model.0.s1,108,0,0,21973
model.0.s1,109,0,0,22004
model.0.s1,110,0,0,21924
model.0.s1,111,0,0,21946
model.0.s1,112,0,0,21953
model.0.s1,113,0,0,21951
model.0.s1,114,0,0,21951
model.0.s1,115,0,0,21925
model.0.s1,116,0,0,21953
model.0.s1,117,0,0,21943
model.0.s1,118,0,0,22093
model.0.s1,119,0,0,22112
model.0.s1,120,0,0,22063
model.0.s1,121,0,0,22376
model.0.s1,122,0,0,22094
model.0.s1,123,0,0,22039
model.0.s1,124,0,0,22111
model.0.s1,125,0,0,22158
model.0.s1,126,0,0,22091
model.0.s1,127,0,0,22165
model.0.s1,128,0,0,22164
model.0.s1,129,0,0,22085
model.0.s1,130,0,0,22165
model.0.s1,131,0,0,21962
model.0.s1,132,0,0,22140
model.0.s1,133,0,0,22101
model.0.s1,134,0,0,22007
model.0.s1,135,0,0,22015
model.0.s1,136,0,0,22101
model.0.s1,137,0,0,22108
model.0.s1,138,0,0,22027
model.0.s1,139,0,0,21966
model.0.s1,140,0,0,21964
model.0.s1,141,0,0,21999
model.0.s1,142,0,0,22131
model.0.s1,143,0,0,22183
model.0.s1,144,0,0,22021
model.0.s1,145,0,0,22135
model.0.s1,146,0,0,22022
model.0.s1,147,0,0,22623
model.0.s1,148,0,0,21973
model.0.s1,149,0,0,21952
model.0.s1,150,0,0,21960
model.0.s1,151,0,0,22011
model.0.s1,152,0,0,22087
model.0.s1,153,0,0,21995
model.0.s1,154,0,0,22066
model.0.s1,155,0,0,22085
model.0.s1,156,0,0,22102
model.0.s1,157,0,0,22011
model.0.s1,158,0,0,22012
model.0.s1,159,0,0,21944
model.0.s1,160,0,0,22154
model.0.s1,161,0,0,22128
model.0.s1,162,0,0,21962
model.0.s1,163,0,0,22118
model.0.s1,164,0,0,22013
model.0.s1,165,0,0,21945
model.0.s1,166,0,0,21967
model.0.s1,167,0,0,21929
model.0.s1,168,0,0,22106
model.0.s1,169,0,0,22096
model.0.s1,170,0,0,22153
model.0.s1,171,0,0,22016
model.0.s1,172,0,0,22473
model.0.s1,173,0,0,22199
model.0.s1,174,0,0,21976
model.0.s1,175,0,0,21993
model.0.s1,176,0,0,21967
model.0.s1,177,0,0,22225
model.0.s1,178,0,0,22012
model.0.s1,179,0,0,22009
model.0.s1,180,0,0,21996
model.0.s1,181,0,0,21954
model.0.s1,182,0,0,21908
model.0.s1,183,0,0,21936
model.0.s1,184,0,0,21852
model.0.s1,185,0,0,21912
model.0.s1,186,0,0,21986
model.0.s1,187,0,0,21974
model.0.s1,188,0,0,21997
model.0.s1,189,0,0,22012
model.0.s1,190,0,0,21994
model.0.s1,191,0,0,22005
model.0.s1,192,0,0,22026
model.0.s1,193,0,0,22018
model.0.s1,194,0,0,21964
model.0.s1,195,0,0,21948
model.0.s1,196,0,0,22027
model.0.s1,197,0,0,22023
model.0.s1,198,0,0,22660
model.0.s1,199,0,0,22116
model.0.s1,200,0,0,22137
model.0.s1,201,0,0,22098
model.0.s1,202,0,0,22083
model.0.s1,203,0,0,22143
model.0.s1,204,0,0,22009
model.0.s1,205,0,0,22129
model.0.s1,206,0,0,21904
model.0.s1,207,0,0,21936
model.0.s1,208,0,0,22149
model.0.s1,209,0,0,22246
model.0.s1,210,0,0,22202
model.0.s1,211,0,0,22036
model.0.s1,212,0,0,21994
model.0.s1,213,0,0,21994
model.0.s1,214,0,0,21930
model.0.s1,215,0,0,22129
model.0.s1,216,0,0,22151
model.0.s1,217,0,0,22067
model.0.s1,218,0,0,21995
model.0.s1,219,0,0,22057
model.0.s1,220,0,0,22092
model.0.s1,221,0,0,22077
model.0.s1,222,0,0,22200
model.0.s1,223,0,0,22042
model.0.s1,224,0,0,22665
model.0.s1,225,0,0,22233
model.0.s1,226,0,0,22113
model.0.s1,227,0,0,21884
model.0.s1,228,0,0,22046
model.0.s1,229,0,0,22135
model.0.s1,230,0,0,22042
model.0.s1,231,0,0,22022
model.0.s1,232,0,0,21994
model.0.s1,233,0,0,21979
model.0.s1,234,0,0,22029
model.0.s1,235,0,0,22030
model.0.s1,236,0,0,21996
model.0.s1,237,0,0,21954
model.0.s1,238,0,0,21869
model.0.s1,239,0,0,22056
model.0.s1,240,0,0,22032
model.0.s1,241,0,0,22015
model.0.s1,242,0,0,22077
model.0.s1,243,0,0,22031
model.0.s1,244,0,0,22236
model.0.s1,245,0,0,22161
model.0.s1,246,0,0,22281
model.0.s1,247,0,0,22159
model.0.s1,248,0,0,22022
model.0.s1,249,0,0,22384
model.0.s1,250,0,0,22259
model.0.s1,251,0,0,22225
model.0.s1,252,0,0,22229
model.0.s1,253,0,0,22023
model.0.s1,254,0,0,22168
model.0.s1,255,0,0,22066
model.0.s1,256,0,0,21976
model.0.s1,257,0,0,22105
model.0.s1,258,0,0,22072
model.0.s1,259,0,0,22059
model.0.s1,260,0,0,22108
model.0.s1,261,0,0,21927
model.0.s1,262,0,0,21871
model.0.s1,263,0,0,22041
model.0.s1,264,0,0,21981
model.0.s1,265,0,0,22137
model.0.s1,266,0,0,22111
model.0.s1,267,0,0,22159
model.0.s1,268,0,0,22372
model.0.s1,269,0,0,21988
model.0.s1,270,0,0,22182
model.0.s1,271,0,0,22002
model.0.s1,272,0,0,22050
model.0.s1,273,0,0,22043
model.0.s1,274,0,0,22139
model.0.s1,275,0,0,22652
model.0.s1,276,0,0,22158
model.0.s1,277,0,0,22214
model.0.s1,278,0,0,22034
model.0.s1,279,0,0,22020
model.0.s1,280,0,0,22029
model.0.s1,281,0,0,22055
model.0.s1,282,0,0,22195
model.0.s1,283,0,0,22059
model.0.s1,284,0,0,22205
model.0.s1,285,0,0,22072
model.0.s1,286,0,0,22171
model.0.s1,287,0,0,22013
model.0.s1,288,0,0,22275
model.0.s1,289,0,0,21990
model.0.s1,290,0,0,22264
model.0.s1,291,0,0,22185
model.0.s1,292,0,0,22212
model.0.s1,293,0,0,22187
model.0.s1,294,0,0,22124
model.0.s1,295,0,0,22218
model.0.s1,296,0,0,22173
model.0.s1,297,0,0,22097
model.0.s1,298,0,0,21991
model.0.s1,299,0,0,21957
model.0.s1,300,0,0,22225
model.0.s1,301,0,0,22511
model.0.s1,302,0,0,22006
model.0.s1,303,0,0,22077
model.0.s1,304,0,0,22163
model.0.s1,305,0,0,21998
model.0.s1,306,0,0,22045
model.0.s1,307,0,0,22274
model.0.s1,308,0,0,22237
model.0.s1,309,0,0,22096
model.0.s1,310,0,0,22065
model.0.s1,311,0,0,22158
model.0.s1,312,0,0,22085
model.0.s1,313,0,0,22102
model.0.s1,314,0,0,22117
model.0.s1,315,0,0,22068
model.0.s1,316,0,0,22267
model.0.s1,317,0,0,22315
model.0.s1,318,0,0,22064
model.0.s1,319,0,0,22216
model.0.s1,320,0,0,22235
model.0.s1,321,0,0,22054
model.0.s1,322,0,0,22066
model.0.s1,323,0,0,22140
model.0.s1,324,0,0,21991
model.0.s1,325,0,0,22036
model.0.s1,326,0,0,22672
model.0.s1,327,0,0,22284
model.0.s1,328,0,0,22149
model.0.s1,329,0,0,22075
model.0.s1,330,0,0,22138
model.0.s1,331,0,0,21973
model.0.s1,332,0,0,22181
model.0.s1,333,0,0,22077
model.0.s1,334,0,0,22217
model.0.s1,335,0,0,22116
model.0.s1,336,0,0,22053
model.0.s1,337,0,0,22119
model.0.s1,338,0,0,21891
model.0.s1,339,0,0,21779
model.0.s1,340,0,0,22048
model.0.s1,341,0,0,22117
model.0.s1,342,0,0,22227
model.0.s1,343,0,0,22281
model.0.s1,344,0,0,21978
model.0.s1,345,0,0,22144
model.0.s1,346,0,0,22157
model.0.s1,347,0,0,22169
model.0.s1,348,0,0,22277
model.0.s1,349,0,0,22081
model.0.s1,350,0,0,22130
model.0.s1,351,0,0,22044
model.0.s1,352,0,0,22559
model.0.s1,353,0,0,22055
model.0.s1,354,0,0,22210
model.0.s1,355,0,0,22049
model.0.s1,356,0,0,22076
model.0.s1,357,0,0,22158
model.0.s1,358,0,0,22235
model.0.s1,359,0,0,22284
model.0.s1,360,0,0,22124
model.0.s1,361,0,0,22109
model.0.s1,362,0,0,22540
model.0.s1,363,0,0,22185
model.0.s1,364,0,0,22052
model.0.s1,365,0,0,22094
model.0.s1,366,0,0,22116
model.0.s1,367,0,0,22119
model.0.s1,368,0,0,22267
model.0.s1,369,0,0,22216
model.0.s1,370,0,0,22222
model.0.s1,371,0,0,22227
model.0.s1,372,0,0,22100
model.0.s1,373,0,0,22182
model.0.s1,374,0,0,22029
model.0.s1,375,0,0,22106
model.0.s1,376,0,0,22229
model.0.s1,377,0,0,22697
model.0.s1,378,0,0,22165
model.0.s1,379,0,0,22223
model.0.s1,380,0,0,22143
model.0.s1,381,0,0,22179
model.0.s1,382,0,0,22250
model.0.s1,383,0,0,22061
model.0.s1,384,0,0,22065
model.0.s1,385,0,0,22081
model.0.s1,386,0,0,22134
model.0.s1,387,0,0,22116
model.0.s1,388,0,0,22317
model.0.s1,389,0,0,22076
model.0.s1,390,0,0,22238
model.0.s1,391,0,0,22263
model.0.s1,392,0,0,22265
model.0.s1,393,0,0,22098
model.0.s1,394,0,0,22207
model.0.s1,395,0,0,22049
model.0.s1,396,0,0,22236
model.0.s1,397,0,0,22462
model.0.s1,398,0,0,22243
model.0.s1,399,0,0,22113
model.0.s1,400,0,0,21937
model.0.s1,401,0,0,22145
model.0.s1,402,0,0,22091
model.0.s1,403,0,0,22670
model.0.s1,404,0,0,22082
model.0.s1,405,0,0,22077
model.0.s1,406,0,0,22165
model.0.s1,407,0,0,22178
model.0.s1,408,0,0,22264
model.0.s1,409,0,0,22346
model.0.s1,410,0,0,22272
model.0.s1,411,0,0,22190
model.0.s1,412,0,0,22279
model.0.s1,413,0,0,22033
model.0.s1,414,0,0,22046
model.0.s1,415,0,0,22158
model.0.s1,416,0,0,21956
model.0.s1,417,0,0,22219
model.0.s1,418,0,0,22171
model.0.s1,419,0,0,22129
model.0.s1,420,0,0,22289
model.0.s1,421,0,0,22110
model.0.s1,422,0,0,22098
model.0.s1,423,0,0,21970
model.0.s1,424,0,0,22084
model.0.s1,425,0,0,22226
model.0.s1,426,0,0,22065
model.0.s1,427,0,0,22292
model.0.s1,428,0,0,22675
model.0.s1,429,0,0,22227
model.0.s1,430,0,0,22121
model.0.s1,431,0,0,22229
model.0.s1,432,0,0,22146
model.0.s1,433,0,0,22150
model.0.s1,434,0,0,22260
model.0.s1,435,0,0,22272
model.0.s1,436,0,0,22333
model.0.s1,437,0,0,22290
model.0.s1,438,0,0,22148
model.0.s1,439,0,0,22201
model.0.s1,440,0,0,22208
model.0.s1,441,0,0,22208
model.0.s1,442,0,0,22194
model.0.s1,443,0,0,22211
model.0.s1,444,0,0,22316
model.0.s1,445,0,0,22244
model.0.s1,446,0,0,22281
model.0.s1,447,0,0,22190
model.0.s1,448,0,0,22272
model.0.s1,449,0,0,22308
model.0.s1,450,0,0,22346
model.0.s1,451,0,0,22413
model.0.s1,452,0,0,22169
model.0.s1,453,0,0,22215
model.0.s1,454,0,0,22714
model.0.s1,455,0,0,22058
model.0.s1,456,0,0,22083
model.0.s1,457,0,0,22023
model.0.s1,458,0,0,22083
model.0.s1,459,0,0,22159
model.0.s1,460,0,0,22585
model.0.s1,461,0,0,22289
model.0.s1,462,0,0,22145
model.0.s1,463,0,0,22361
model.0.s1,464,0,0,22188
model.0.s1,465,0,0,22299
model.0.s1,466,0,0,22260
model.0.s1,467,0,0,22242
model.0.s1,468,0,0,22256
model.0.s1,469,0,0,22263
model.0.s1,470,0,0,22218
model.0.s1,471,0,0,22059
model.0.s1,472,0,0,22282
model.0.s1,473,0,0,22316
model.0.s1,474,0,0,22244
model.0.s1,475,0,0,22239
model.0.s1,476,0,0,22306
model.0.s1,477,0,0,22391
model.0.s1,478,0,0,22382
model.0.s1,479,0,0,22802
model.0.s1,480,0,0,22254
model.0.s1,481,0,0,22204
model.0.s1,482,0,0,22159
model.0.s1,483,0,0,22214
model.0.s1,484,0,0,22176
model.0.s1,485,0,0,22111
model.0.s1,486,0,0,21984
model.0.s1,487,0,0,22242
model.0.s1,488,0,0,22174
model.0.s1,489,0,0,22326
model.0.s1,490,0,0,22191
model.0.s1,491,0,0,22152
model.0.s1,492,0,0,22191
model.0.s1,493,0,0,22393
model.0.s1,494,0,0,22223
model.0.s1,495,0,0,22946
model.0.s1,496,0,0,22383
model.0.s1,497,0,0,22552
model.0.s1,498,0,0,22364
model.0.s1,499,0,0,22442
model.0.s1,500,0,0,22273
model.0.s1,501,0,0,22175
model.0.s1,502,0,0,22216
model.0.s1,503,0,0,22379
model.0.s1,504,0,0,22344
model.0.s1,505,0,0,22847
model.0.s1,506,0,0,22571
model.0.s1,507,0,0,22616
model.0.s1,508,0,0,23392
model.0.s1,509,0,0,22992
model.0.s1,510,0,0,22771
model.0.s1,511,0,0,22667
model.0.s1,512,0,0,22541
model.0.s1,513,0,0,23823
model.0.s1,514,0,0,22671
model.0.s1,515,0,0,22076
model.0.s1,516,0,0,22244
model.0.s1,517,0,0,22338
model.0.s1,518,0,0,22386
model.0.s1,519,0,0,22202
model.0.s1,520,0,0,22265
model.0.s1,521,0,0,22172
model.0.s1,522,0,0,22255
model.0.s1,523,0,0,22545
model.0.s1,524,0,0,22108
model.0.s1,525,0,0,22266
model.0.s1,526,0,0,22394
model.0.s1,527,0,0,22267
model.0.s1,528,0,0,22160
model.0.s1,529,0,0,22136
model.0.s1,530,0,0,22427
model.0.s1,531,0,0,22952
model.0.s1,532,0,0,22205
model.0.s1,533,0,0,22401
model.0.s1,534,0,0,22315
model.0.s1,535,0,0,22139
model.0.s1,536,0,0,22288
model.0.s1,537,0,0,22315
model.0.s1,538,0,0,22223
model.0.s1,539,0,0,22220
model.0.s1,540,0,0,22176
model.0.s1,541,0,0,22348
model.0.s1,542,0,0,22218
model.0.s1,543,0,0,22268
model.0.s1,544,0,0,22304
model.0.s1,545,0,0,22300
model.0.s1,546,0,0,22227
model.0.s1,547,0,0,22275
model.0.s1,548,0,0,22225
model.0.s1,549,0,0,22230
model.0.s1,550,0,0,22364
model.0.s1,551,0,0,22193
model.0.s1,552,0,0,22213
model.0.s1,553,0,0,22434
model.0.s1,554,0,0,22235
model.0.s1,555,0,0,22384
model.0.s1,556,0,0,22645
model.0.s1,557,0,0,22609
model.0.s1,558,0,0,22199
model.0.s1,559,0,0,22423
model.0.s1,560,0,0,22455
model.0.s1,561,0,0,22227
model.0.s1,562,0,0,22220
model.0.s1,563,0,0,22176
model.0.s1,564,0,0,22205
model.0.s1,565,0,0,22231
model.0.s1,566,0,0,22182
model.0.s1,567,0,0,22199
model.0.s1,568,0,0,22200
model.0.s1,569,0,0,22351
model.0.s1,570,0,0,22257
model.0.s1,571,0,0,22276
model.0.s1,572,0,0,22205
model.0.s1,573,0,0,22342
model.0.s1,574,0,0,22235
model.0.s1,575,0,0,22159
model.0.s1,576,0,0,22125
model.0.s1,577,0,0,22254
model.0.s1,578,0,0,22392
model.0.s1,579,0,0,22265
model.0.s1,580,0,0,22223
model.0.s1,581,0,0,22232
model.0.s1,582,0,0,22699
model.0.s1,583,0,0,22162
model.0.s1,584,0,0,22177
model.0.s1,585,0,0,22400
model.0.s1,586,0,0,22246
model.0.s1,587,0,0,22286
model.0.s1,588,0,0,22374
model.0.s1,589,0,0,22348
model.0.s1,590,0,0,22285
model.0.s1,591,0,0,22260
model.0.s1,592,0,0,22193
model.0.s1,593,0,0,22247
model.0.s1,594,0,0,22197
model.0.s1,595,0,0,22244
model.0.s1,596,0,0,22394
model.0.s1,597,0,0,22225
model.0.s1,598,0,0,22248
model.0.s1,599,0,0,22326
model.0.s1,600,0,0,22327
model.0.s1,601,0,0,22190
model.0.s1,602,0,0,22184
model.0.s1,603,0,0,22379
model.0.s1,604,0,0,22243
model.0.s1,605,0,0,22362
model.0.s1,606,0,0,22418
model.0.s1,607,0,0,22803
model.0.s1,608,0,0,22357
model.0.s1,609,0,0,22377
model.0.s1,610,0,0,22368
model.0.s1,611,0,0,22252
model.0.s1,612,0,0,22250
model.0.s1,613,0,0,22118
model.0.s1,614,0,0,22186
model.0.s1,615,0,0,22192
model.0.s1,616,0,0,22254
model.0.s1,617,0,0,22437
model.0.s1,618,0,0,22372
model.0.s1,619,0,0,22279
model.0.s1,620,0,0,22215
model.0.s1,621,0,0,22222
model.0.s1,622,0,0,22281
model.0.s1,623,0,0,22181
model.0.s1,624,0,0,22191
model.0.s1,625,0,0,22082
model.0.s1,626,0,0,22277
model.0.s1,627,0,0,22195
model.0.s1,628,0,0,22235
model.0.s1,629,0,0,22064
model.0.s1,630,0,0,22334
model.0.s1,631,0,0,22120
model.0.s1,632,0,0,22293
model.0.s1,633,0,0,22735
model.0.s1,634,0,0,22354
model.0.s1,635,0,0,22230
model.0.s1,636,0,0,22430
model.0.s1,637,0,0,22357
model.0.s1,638,0,0,22239
model.0.s1,639,0,0,22358
model.0.s1,640,0,0,22373
model.0.s1,641,0,0,22215
model.0.s1,642,0,0,22238
model.0.s1,643,0,0,22217
model.0.s1,644,0,0,22305
model.0.s1,645,0,0,22338
model.0.s1,646,0,0,22220
model.0.s1,647,0,0,22196
model.0.s1,648,0,0,22362
model.0.s1,649,0,0,22439
model.0.s1,650,0,0,22157
model.0.s1,651,0,0,22362
model.0.s1,652,0,0,22332
model.0.s1,653,0,0,22214
model.0.s1,654,0,0,22260
model.0.s1,655,0,0,22289
model.0.s1,656,0,0,22245
model.0.s1,657,0,0,22417
model.0.s1,658,0,0,22971
model.0.s1,659,0,0,22441
model.0.s1,660,0,0,22227
model.0.s1,661,0,0,22402
model.0.s1,662,0,0,22211
model.0.s1,663,0,0,22158
model.0.s1,664,0,0,22286
model.0.s1,665,0,0,22291
model.0.s1,666,0,0,22281
model.0.s1,667,0,0,22323
model.0.s1,668,0,0,22291
model.0.s1,669,0,0,22225
model.0.s1,670,0,0,22232
model.0.s1,671,0,0,22416
model.0.s1,672,0,0,22244
model.0.s1,673,0,0,22228
model.0.s1,674,0,0,22191
model.0.s1,675,0,0,22331
model.0.s1,676,0,0,22402
model.0.s1,677,0,0,22222
model.0.s1,678,0,0,22208
model.0.s1,679,0,0,22165
model.0.s1,680,0,0,22469
model.0.s1,681,0,0,22209
model.0.s1,682,0,0,22337
model.0.s1,683,0,0,22653
model.0.s1,684,0,0,22451
model.0.s1,685,0,0,22378
model.0.s1,686,0,0,22165
model.0.s1,687,0,0,22395
model.0.s1,688,0,0,22409
model.0.s1,689,0,0,22271
model.0.s1,690,0,0,21932
model.0.s1,691,0,0,22146
model.0.s1,692,0,0,22229
model.0.s1,693,0,0,22248
model.0.s1,694,0,0,22200
model.0.s1,695,0,0,22023
model.0.s1,696,0,0,22145
model.0.s1,697,0,0,22171
model.0.s1,698,0,0,22217
model.0.s1,699,0,0,22211
model.0.s1,700,0,0,22358
model.0.s1,701,0,0,22242
model.0.s1,702,0,0,21971
model.0.s1,703,0,0,22153
model.0.s1,704,0,0,22228
model.0.s1,705,0,0,22223
model.0.s1,706,0,0,22224
model.0.s1,707,0,0,22224
model.0.s1,708,0,0,22202
model.0.s1,709,0,0,22769
model.0.s1,710,0,0,22197
model.0.s1,711,0,0,22161
model.0.s1,712,0,0,22251
model.0.s1,713,0,0,22234
model.0.s1,714,0,0,22090
model.0.s1,715,0,0,22072
model.0.s1,716,0,0,22242
model.0.s1,717,0,0,22314
model.0.s1,718,0,0,22156
model.0.s1,719,0,0,22197
model.0.s1,720,0,0,22201
model.0.s1,721,0,0,22274
model.0.s1,722,0,0,22171
model.0.s1,723,0,0,22214
model.0.s1,724,0,0,22250
model.0.s1,725,0,0,22182
model.0.s1,726,0,0,22119
model.0.s1,727,0,0,22146
model.0.s1,728,0,0,22200
model.0.s1,729,0,0,22255
model.0.s1,730,0,0,22178
model.0.s1,731,0,0,22179
model.0.s1,732,0,0,22223
model.0.s1,733,0,0,22182
model.0.s1,734,0,0,22286
model.0.s1,735,0,0,22627
model.0.s1,736,0,0,22214
model.0.s1,737,0,0,22230
model.0.s1,738,0,0,22235
model.0.s1,739,0,0,22199
model.0.s1,740,0,0,22238
model.0.s1,741,0,0,22263
model.0.s1,742,0,0,22206
model.0.s1,743,0,0,22288
model.0.s1,744,0,0,22235
model.0.s1,745,0,0,22210
model.0.s1,746,0,0,22214
model.0.s1,747,0,0,22300
model.0.s1,748,0,0,22244
model.0.s1,749,0,0,22226
model.0.s1,750,0,0,22267
model.0.s1,751,0,0,22208
model.0.s1,752,0,0,22211
model.0.s1,753,0,0,22298
model.0.s1,754,0,0,22201
model.0.s1,755,0,0,22203
model.0.s1,756,0,0,22218
model.0.s1,757,0,0,22341
model.0.s1,758,0,0,22379
model.0.s1,759,0,0,22367
model.0.s1,760,0,0,22788
model.0.s1,761,0,0,22271
model.0.s1,762,0,0,22301
model.0.s1,763,0,0,22180
model.0.s1,764,0,0,22415
model.0.s1,765,0,0,22328
model.0.s1,766,0,0,22330
model.0.s1,767,0,0,22204
model.0.s1,768,0,0,22211
model.0.s1,769,0,0,22368
model.0.s1,770,0,0,22242
model.0.s1,771,0,0,22655
model.0.s1,772,0,0,22399
model.0.s1,773,0,0,22318
model.0.s1,774,0,0,22106
model.0.s1,775,0,0,22266
model.0.s1,776,0,0,22436
model.0.s1,777,0,0,22334
model.0.s1,778,0,0,22294
model.0.s1,779,0,0,22270
model.0.s1,780,0,0,22198
model.0.s1,781,0,0,22405
model.0.s1,782,0,0,22426
model.0.s1,783,0,0,22266
model.0.s1,784,0,0,22308
model.0.s1,785,0,0,22506
model.0.s1,786,0,0,22465
model.0.s1,787,0,0,22275
model.0.s1,788,0,0,22067
model.0.s1,789,0,0,22273
model.0.s1,790,0,0,22257
model.0.s1,791,0,0,22225
model.0.s1,792,0,0,22309
model.0.s1,793,0,0,22231
model.0.s1,794,0,0,22307
model.0.s1,795,0,0,22150
model.0.s1,796,0,0,22162
model.0.s1,797,0,0,22384
model.0.s1,798,0,0,22208
model.0.s1,799,0,0,22307
model.0.s1,800,0,0,22252
model.0.s1,801,0,0,22249
model.0.s1,802,0,0,22443
model.0.s1,803,0,0,22434
model.0.s1,804,0,0,22413
model.0.s1,805,0,0,22425
model.0.s1,806,0,0,22225
model.0.s1,807,0,0,22141
model.0.s1,808,0,0,22116
model.0.s1,809,0,0,22205
model.0.s1,810,0,0,22186
model.0.s1,811,0,0,22941
model.0.s1,812,0,0,22320
model.0.s1,813,0,0,22312
model.0.s1,814,0,0,22267
model.0.s1,815,0,0,22227
model.0.s1,816,0,0,22265
model.0.s1,817,0,0,22306
model.0.s1,818,0,0,22308
model.0.s1,819,0,0,22524
model.0.s1,820,0,0,22188
model.0.s1,821,0,0,22202
model.0.s1,822,0,0,22468
model.0.s1,823,0,0,22497
model.0.s1,824,0,0,22413
model.0.s1,825,0,0,22416
model.0.s1,826,0,0,22368
model.0.s1,827,0,0,22386
model.0.s1,828,0,0,22305
model.0.s1,829,0,0,22234
model.0.s1,830,0,0,22254
model.0.s1,831,0,0,22344
model.0.s1,832,0,0,22196
model.0.s1,833,0,0,22406
model.0.s1,834,0,0,22297
model.0.s1,835,0,0,22324
model.0.s1,836,0,0,22863
model.0.s1,837,0,0,22171
model.0.s1,838,0,0,22378
model.0.s1,839,0,0,22367
model.0.s1,840,0,0,22249
model.0.s1,841,0,0,22251
model.0.s1,842,0,0,22260
model.0.s1,843,0,0,22168
model.0.s1,844,0,0,22303
model.0.s1,845,0,0,22252
model.0.s1,846,0,0,22238
model.0.s1,847,0,0,22221
model.0.s1,848,0,0,22223
model.0.s1,849,0,0,22398
model.0.s1,850,0,0,22271
model.0.s1,851,0,0,22225
model.0.s1,852,0,0,22292
model.0.s1,853,0,0,22302
model.0.s1,854,0,0,22388
model.0.s1,855,0,0,22323
model.0.s1,856,0,0,22274
model.0.s1,857,0,0,22358
model.0.s1,858,0,0,22258
model.0.s1,859,0,0,22441
model.0.s1,860,0,0,22282
model.0.s1,861,0,0,22679
model.0.s1,862,0,0,22423
model.0.s1,863,0,0,22224
model.0.s1,864,0,0,22205
model.0.s1,865,0,0,22311
model.0.s1,866,0,0,22321
model.0.s1,867,0,0,22255
model.0.s1,868,0,0,22139
model.0.s1,869,0,0,22242
model.0.s1,870,0,0,22182
model.0.s1,871,0,0,22245
model.0.s1,872,0,0,22352
model.0.s1,873,0,0,22248
model.0.s1,874,0,0,22310
model.0.s1,875,0,0,22285
model.0.s1,876,0,0,22242
model.0.s1,877,0,0,22387
model.0.s1,878,0,0,22323
model.0.s1,879,0,0,22120
model.0.s1,880,0,0,22379
model.0.s1,881,0,0,22237
model.0.s1,882,0,0,22346
model.0.s1,883,0,0,22372
model.0.s1,884,0,0,22471
model.0.s1,885,0,0,22355
model.0.s1,886,0,0,22153
model.0.s1,887,0,0,22764
model.0.s1,888,0,0,22367
model.0.s1,889,0,0,22411
model.0.s1,890,0,0,22433
model.0.s1,891,0,0,22243
model.0.s1,892,0,0,22286
model.0.s1,893,0,0,22246
model.0.s1,894,0,0,22253
model.0.s1,895,0,0,22521
model.0.s1,896,0,0,22418
model.0.s1,897,0,0,22307
model.0.s1,898,0,0,22327
model.0.s1,899,0,0,22249
model.0.s1,900,0,0,22305
model.0.s1,901,0,0,22266
model.0.s1,902,0,0,23257
model.0.s1,903,0,0,22341
model.0.s1,904,0,0,22076
model.0.s1,905,0,0,22600
model.0.s1,906,0,0,22425
model.0.s1,907,0,0,22442
model.0.s1,908,0,0,22384
model.0.s1,909,0,0,22239
model.0.s1,910,0,0,22229
model.0.s1,911,0,0,22408
model.0.s1,912,0,0,22685
model.0.s1,913,0,0,22243
model.0.s1,914,0,0,22417
model.0.s1,915,0,0,22426
model.0.s1,916,0,0,22247
model.0.s1,917,0,0,22438
model.0.s1,918,0,0,22362
model.0.s1,919,0,0,22333
model.0.s1,920,0,0,22324
model.0.s1,921,0,0,22479
model.0.s1,922,0,0,22339
model.0.s1,923,0,0,22511
model.0.s1,924,0,0,22331
model.0.s1,925,0,0,22246
model.0.s1,926,0,0,22199
model.0.s1,927,0,0,22251
model.0.s1,928,0,0,22265
model.0.s1,929,0,0,22336
model.0.s1,930,0,0,22258
model.0.s1,931,0,0,22180
model.0.s1,932,0,0,22210
model.0.s1,933,0,0,22278
model.0.s1,934,0,0,22455
model.0.s1,935,0,0,22392
model.0.s1,936,0,0,22240
model.0.s1,937,0,0,22280
model.0.s1,938,0,0,22719
model.0.s1,939,0,0,22303
model.0.s1,940,0,0,22388
model.0.s1,941,0,0,22325
model.0.s1,942,0,0,22359
model.0.s1,943,0,0,22408
model.0.s1,944,0,0,22145
model.0.s1,945,0,0,22398
model.0.s1,946,0,0,22047
model.0.s1,947,0,0,22241
model.0.s1,948,0,0,22113
model.0.s1,949,0,0,22400
model.0.s1,950,0,0,22310
model.0.s1,951,0,0,22277
model.0.s1,952,0,0,22307
